{"cameraMode":{"drawMode":0,"name":"Shaded","section":"Shading Mode"},"sceneLighting":false,"audioPlay":false,"sceneViewState":{"showFog":true,"showMaterialUpdate":false,"showSkybox":false,"showFlares":true,"showImageEffects":true,"showParticleSystems":true},"in2DMode":false,"pivot":{"x":0.0,"y":0.08583343029022217,"z":0.12773698568344117},"rotation":{"x":-0.16540215909481049,"y":0.08627265691757202,"z":-0.01452112291008234,"w":-0.9823424816131592},"size":0.3642675578594208,"orthographic":false}