{"cameraMode":{"drawMode":0,"name":"Shaded","section":"Shading Mode"},"sceneLighting":true,"audioPlay":false,"sceneViewState":{"showFog":true,"showMaterialUpdate":false,"showSkybox":false,"showFlares":true,"showImageEffects":true,"showParticleSystems":true},"in2DMode":false,"pivot":{"x":15.042760848999024,"y":5.664170742034912,"z":11.528523445129395},"rotation":{"x":0.6526802182197571,"y":0.017034385353326799,"z":-0.014691459946334362,"w":0.7573370337486267},"size":0.49582183361053469,"orthographic":false}