{"cameraMode":{"drawMode":0,"name":"Shaded","section":"Shading Mode"},"sceneLighting":true,"audioPlay":false,"sceneViewState":{"showFog":true,"showMaterialUpdate":false,"showSkybox":false,"showFlares":true,"showImageEffects":true,"showParticleSystems":true},"in2DMode":false,"pivot":{"x":0.0,"y":1.100000023841858,"z":-0.30000001192092898},"rotation":{"x":-0.13726362586021424,"y":-0.5207759141921997,"z":0.0852818489074707,"w":-0.8382644653320313},"size":1.1789826154708863,"orthographic":false}