{"cameraMode":{"drawMode":0,"name":"Shaded","section":"Shading Mode"},"sceneLighting":true,"audioPlay":false,"sceneViewState":{"showFog":true,"showMaterialUpdate":false,"showSkybox":false,"showFlares":true,"showImageEffects":true,"showParticleSystems":true},"in2DMode":false,"pivot":{"x":-26.450000762939454,"y":-0.42000001668930056,"z":-7.300000190734863},"rotation":{"x":-0.399433434009552,"y":-0.3790281414985657,"z":0.1860503852367401,"w":-0.813740074634552},"size":1.426262617111206,"orthographic":false}