{"cameraMode":{"drawMode":0,"name":"Shaded","section":"Shading Mode"},"sceneLighting":false,"audioPlay":false,"sceneViewState":{"showFog":true,"showMaterialUpdate":false,"showSkybox":false,"showFlares":true,"showImageEffects":true,"showParticleSystems":true},"in2DMode":false,"pivot":{"x":17.225000381469728,"y":4.75,"z":8.586845397949219},"rotation":{"x":0.1378210186958313,"y":0.7671521306037903,"z":-0.1758323460817337,"w":0.6013131737709045},"size":15.972816467285157,"orthographic":false}