{"cameraMode":{"drawMode":0,"name":"Shaded","section":"Shading Mode"},"sceneLighting":true,"audioPlay":false,"sceneViewState":{"showFog":true,"showMaterialUpdate":false,"showSkybox":false,"showFlares":true,"showImageEffects":true,"showParticleSystems":true},"in2DMode":false,"pivot":{"x":14.662615776062012,"y":2.1614162921905519,"z":11.686478614807129},"rotation":{"x":0.14540806412696839,"y":-0.806830644607544,"z":0.2222549170255661,"w":0.5277867913246155},"size":0.9602500796318054,"orthographic":false}