{"cameraMode":{"drawMode":0,"name":"Shaded","section":"Shading Mode"},"sceneLighting":true,"audioPlay":false,"sceneViewState":{"showFog":true,"showMaterialUpdate":false,"showSkybox":false,"showFlares":true,"showImageEffects":true,"showParticleSystems":true},"in2DMode":false,"pivot":{"x":-11.429530143737793,"y":0.3132864832878113,"z":-1.929754376411438},"rotation":{"x":-0.5929358601570129,"y":0.014725585468113423,"z":-0.01082932110875845,"w":-0.8050637245178223},"size":0.9247447848320007,"orthographic":false}