{"cameraMode":{"drawMode":0,"name":"Shaded","section":"Shading Mode"},"sceneLighting":false,"audioPlay":false,"sceneViewState":{"showFog":true,"showMaterialUpdate":false,"showSkybox":false,"showFlares":true,"showImageEffects":true,"showParticleSystems":true},"in2DMode":false,"pivot":{"x":37.11803436279297,"y":6.2068562507629398,"z":15.988310813903809},"rotation":{"x":-0.23507465422153474,"y":0.010785609483718872,"z":-0.0026089143939316274,"w":-0.9719172716140747},"size":0.8660253882408142,"orthographic":false}