{"cameraMode":{"drawMode":0,"name":"Shaded","section":"Shading Mode"},"sceneLighting":false,"audioPlay":false,"sceneViewState":{"showFog":true,"showMaterialUpdate":false,"showSkybox":false,"showFlares":true,"showImageEffects":true,"showParticleSystems":true},"in2DMode":false,"pivot":{"x":4.15587043762207,"y":-1.2185941934585572,"z":0.8637731075286865},"rotation":{"x":0.014342381618916989,"y":-0.9401600956916809,"z":0.03979364410042763,"w":0.3381762206554413},"size":2.3615939617156984,"orthographic":false}