{"cameraMode":{"drawMode":0,"name":"Shaded","section":"Shading Mode"},"sceneLighting":false,"audioPlay":false,"sceneViewState":{"showFog":true,"showMaterialUpdate":false,"showSkybox":false,"showFlares":true,"showImageEffects":true,"showParticleSystems":true},"in2DMode":false,"pivot":{"x":-0.9666824340820313,"y":0.9866480231285095,"z":0.31560182571411135},"rotation":{"x":-0.22051195800304414,"y":0.6503273844718933,"z":-0.2056744545698166,"w":-0.6972416639328003},"size":1.5387064218521119,"orthographic":false}