{"cameraMode":{"drawMode":0,"name":"Shaded","section":"Shading Mode"},"sceneLighting":false,"audioPlay":false,"sceneViewState":{"showFog":true,"showMaterialUpdate":false,"showSkybox":false,"showFlares":true,"showImageEffects":true,"showParticleSystems":true},"in2DMode":false,"pivot":{"x":-0.4893498122692108,"y":0.37463057041168215,"z":0.19335821270942689},"rotation":{"x":-0.24380138516426087,"y":0.01629577949643135,"z":-0.004113564733415842,"w":-0.9697006940841675},"size":0.9891160130500794,"orthographic":false}