{"cameraMode":{"drawMode":0,"name":"Shaded","section":"Shading Mode"},"sceneLighting":false,"audioPlay":false,"sceneViewState":{"showFog":true,"showMaterialUpdate":false,"showSkybox":false,"showFlares":true,"showImageEffects":true,"showParticleSystems":true},"in2DMode":false,"pivot":{"x":-0.43541431427001955,"y":0.4775720536708832,"z":0.5148143172264099},"rotation":{"x":-0.12443622201681137,"y":0.028577227145433427,"z":-0.003610028186812997,"w":-0.9918305277824402},"size":2.304863929748535,"orthographic":false}