{"cameraMode":{"drawMode":0,"name":"Shaded","section":"Shading Mode"},"sceneLighting":false,"audioPlay":false,"sceneViewState":{"showFog":true,"showMaterialUpdate":false,"showSkybox":false,"showFlares":true,"showImageEffects":true,"showParticleSystems":true},"in2DMode":false,"pivot":{"x":-2.7229785919189455,"y":7.673055648803711,"z":-5.4254279136657719},"rotation":{"x":-0.49287745356559756,"y":-0.15974654257297517,"z":0.09257622808218003,"w":-0.8503150939941406},"size":1.1543458700180054,"orthographic":false}