{"cameraMode":{"drawMode":0,"name":"Shaded","section":"Shading Mode"},"sceneLighting":false,"audioPlay":false,"sceneViewState":{"showFog":true,"showMaterialUpdate":false,"showSkybox":false,"showFlares":true,"showImageEffects":true,"showParticleSystems":true},"in2DMode":false,"pivot":{"x":-1.6197519302368165,"y":2.0516412258148195,"z":-1.7797489166259766},"rotation":{"x":-0.11536093056201935,"y":0.8625996708869934,"z":-0.22780682146549226,"w":-0.4366734027862549},"size":3.4504129886627199,"orthographic":false}