{"cameraMode":{"drawMode":0,"name":"Shaded","section":"Shading Mode"},"sceneLighting":false,"audioPlay":false,"sceneViewState":{"showFog":true,"showMaterialUpdate":false,"showSkybox":false,"showFlares":true,"showImageEffects":true,"showParticleSystems":true},"in2DMode":false,"pivot":{"x":0.24285760521888734,"y":2.2802577018737795,"z":-0.6889438629150391},"rotation":{"x":-0.4246412515640259,"y":0.1207863986492157,"z":-0.05738344416022301,"w":-0.8954703211784363},"size":0.377353698015213,"orthographic":false}