{"cameraMode":{"drawMode":0,"name":"Shaded","section":"Shading Mode"},"sceneLighting":false,"audioPlay":false,"sceneViewState":{"showFog":true,"showMaterialUpdate":false,"showSkybox":false,"showFlares":true,"showImageEffects":true,"showParticleSystems":true},"in2DMode":false,"pivot":{"x":0.002139747142791748,"y":0.2795978784561157,"z":0.015778958797454835},"rotation":{"x":-0.5392667055130005,"y":-0.14439627528190614,"z":0.09439976513385773,"w":-0.8243096470832825},"size":0.7461045980453491,"orthographic":false}