{"cameraMode":{"drawMode":0,"name":"Shaded","section":"Shading Mode"},"sceneLighting":false,"audioPlay":false,"sceneViewState":{"showFog":true,"showMaterialUpdate":false,"showSkybox":false,"showFlares":true,"showImageEffects":true,"showParticleSystems":true},"in2DMode":false,"pivot":{"x":0.5293192863464356,"y":0.6115906238555908,"z":0.31306028366088869},"rotation":{"x":-0.2626391053199768,"y":0.22214625775814057,"z":-0.062293700873851779,"w":-0.9369274973869324},"size":1.960239291191101,"orthographic":false}