{"cameraMode":{"drawMode":0,"name":"Shaded","section":"Shading Mode"},"sceneLighting":true,"audioPlay":false,"sceneViewState":{"showFog":true,"showMaterialUpdate":false,"showSkybox":false,"showFlares":true,"showImageEffects":true,"showParticleSystems":true},"in2DMode":false,"pivot":{"x":-0.2887856960296631,"y":2.3963091373443605,"z":-1.6782782077789307},"rotation":{"x":-0.3729431629180908,"y":-0.12415587902069092,"z":0.05035214126110077,"w":-0.9181641936302185},"size":1.1789826154708863,"orthographic":false}