{"cameraMode":{"drawMode":0,"name":"Shaded","section":"Shading Mode"},"sceneLighting":false,"audioPlay":false,"sceneViewState":{"showFog":true,"showMaterialUpdate":false,"showSkybox":false,"showFlares":true,"showImageEffects":true,"showParticleSystems":true},"in2DMode":false,"pivot":{"x":-0.2708103656768799,"y":0.6542509198188782,"z":0.3483380675315857},"rotation":{"x":-0.18722736835479737,"y":-0.3774428963661194,"z":0.07818302512168884,"w":-0.9035555720329285},"size":1.4200044870376588,"orthographic":false}