{"cameraMode":{"drawMode":0,"name":"Shaded","section":"Shading Mode"},"sceneLighting":false,"audioPlay":false,"sceneViewState":{"showFog":true,"showMaterialUpdate":false,"showSkybox":false,"showFlares":true,"showImageEffects":true,"showParticleSystems":true},"in2DMode":false,"pivot":{"x":6.201530933380127,"y":0.3673904240131378,"z":2.6532249450683595},"rotation":{"x":0.020421257242560388,"y":0.9794994592666626,"z":-0.134847030043602,"w":0.14834025502204896},"size":1.8387064933776856,"orthographic":false}