{"cameraMode":{"drawMode":0,"name":"Shaded","section":"Shading Mode"},"sceneLighting":true,"audioPlay":false,"sceneViewState":{"showFog":true,"showMaterialUpdate":false,"showSkybox":false,"showFlares":true,"showImageEffects":true,"showParticleSystems":true},"in2DMode":false,"pivot":{"x":-26.70655059814453,"y":-0.4996088743209839,"z":-7.109672546386719},"rotation":{"x":0.09755807369947434,"y":-0.0005778719205409288,"z":0.000013545344700105488,"w":0.9952118992805481},"size":1.8934226036071778,"orthographic":false}