{"cameraMode":{"drawMode":0,"name":"Shaded","section":"Shading Mode"},"sceneLighting":false,"audioPlay":false,"sceneViewState":{"showFog":true,"showMaterialUpdate":false,"showSkybox":false,"showFlares":true,"showImageEffects":true,"showParticleSystems":true},"in2DMode":false,"pivot":{"x":-1.2133548259735108,"y":2.7502474784851076,"z":6.796847343444824},"rotation":{"x":0.2670632600784302,"y":-0.196315735578537,"z":0.05567748099565506,"w":0.9418193101882935},"size":4.435550212860107,"orthographic":false}