{"cameraMode":{"drawMode":0,"name":"Shaded","section":"Shading Mode"},"sceneLighting":false,"audioPlay":false,"sceneViewState":{"showFog":true,"showMaterialUpdate":false,"showSkybox":false,"showFlares":true,"showImageEffects":true,"showParticleSystems":true},"in2DMode":false,"pivot":{"x":0.08955509215593338,"y":-1.2001254558563233,"z":-1.3285322189331055},"rotation":{"x":0.01482450496405363,"y":0.9323340058326721,"z":-0.359173059463501,"w":0.03861316293478012},"size":1.4064881801605225,"orthographic":false}