{"cameraMode":{"drawMode":0,"name":"Shaded","section":"Shading Mode"},"sceneLighting":true,"audioPlay":false,"sceneViewState":{"showFog":true,"showMaterialUpdate":false,"showSkybox":false,"showFlares":true,"showImageEffects":true,"showParticleSystems":true},"in2DMode":false,"pivot":{"x":-5.920000076293945,"y":5.0,"z":-19.059999465942384},"rotation":{"x":0.4351080060005188,"y":-0.07196774333715439,"z":0.03492444008588791,"w":0.8968051671981812},"size":18.186532974243165,"orthographic":false}