{"cameraMode":{"drawMode":0,"name":"Shaded","section":"Shading Mode"},"sceneLighting":false,"audioPlay":false,"sceneViewState":{"showFog":true,"showMaterialUpdate":false,"showSkybox":false,"showFlares":true,"showImageEffects":true,"showParticleSystems":true},"in2DMode":false,"pivot":{"x":5.749065399169922,"y":1.7751233577728272,"z":3.4737677574157717},"rotation":{"x":-0.41893142461776736,"y":0.07395662367343903,"z":-0.034259989857673648,"w":-0.9043504595756531},"size":1.2520112991333008,"orthographic":false}