{"cameraMode":{"drawMode":0,"name":"Shaded","section":"Shading Mode"},"sceneLighting":true,"audioPlay":false,"sceneViewState":{"showFog":true,"showMaterialUpdate":false,"showSkybox":true,"showFlares":true,"showImageEffects":true,"showParticleSystems":true},"in2DMode":false,"pivot":{"x":-1.7588939666748047,"y":-1.5288790464401246,"z":0.8059922456741333},"rotation":{"x":-0.3153015077114105,"y":0.551827073097229,"z":-0.23677022755146027,"w":-0.7348558902740479},"size":5.545666694641113,"orthographic":false}